{"cameraMode":{"drawMode":0,"name":"Shaded","section":"Shading Mode"},"sceneLighting":true,"audioPlay":false,"sceneViewState":{"showFog":true,"showMaterialUpdate":false,"showSkybox":false,"showFlares":true,"showImageEffects":true,"showParticleSystems":true},"in2DMode":false,"pivot":{"x":-9.844913482666016,"y":-20.266918182373048,"z":-36.03093338012695},"rotation":{"x":-0.028882138431072236,"y":0.9596967101097107,"z":-0.2581981420516968,"w":-0.10753121972084046},"size":24.423145294189454,"orthographic":false}