{"cameraMode":{"drawMode":0,"name":"Shaded","section":"Shading Mode"},"sceneLighting":true,"audioPlay":false,"sceneViewState":{"showFog":true,"showMaterialUpdate":false,"showSkybox":true,"showFlares":true,"showImageEffects":true,"showParticleSystems":true},"in2DMode":false,"pivot":{"x":-0.7392126321792603,"y":0.7935360670089722,"z":-1.4756115674972535},"rotation":{"x":-0.10423684865236283,"y":0.8633998036384583,"z":-0.19927194714546204,"w":-0.45177438855171206},"size":1.480961799621582,"orthographic":false}